"0","# Define create_trial_datasets function"
"0","create_trial_datasets <- function(data) {"
"0","  switch_data <- data %>% "
"0","    filter(choice_switch_across_trials == 1) %>%"
"0","    mutate("
"0","      consensus_numeric = case_when("
"0","        player.choice1_with %in% c(0, 1) ~ 2,  # 4:0"
"0","        player.choice1_with %in% c(0.25, 0.75) ~ 1,  # 3:1"
"0","        player.choice1_with == 0.5 ~ 0  # 2:2"
"0","      ),"
"0","      direction = if_else(player.choice1_with > 0.5, ""With group"", ""Against group"")"
"0","    )"
"0","  "
"0","  stay_data <- data %>%"
"0","    filter(choice_switch_across_trials == 0) %>%"
"0","    mutate("
"0","      consensus_numeric = case_when("
"0","        player.choice1_with %in% c(0, 1) ~ 2,  # 4:0"
"0","        player.choice1_with %in% c(0.25, 0.75) ~ 1,  # 3:1"
"0","        player.choice1_with == 0.5 ~ 0  # 2:2"
"0","      ),"
"0","      direction = if_else(player.choice1_with > 0.5, ""With group"", ""Against group"")"
"0","    )"
"0","  "
"0","  list(switch_data = switch_data, stay_data = stay_data)"
"0","}"
"0",""
"0","# Right after create_trial_datasets and before run_behavioral_analysis, add:"
"0","format_switch_consensus_results <- function(model_results, moderation_results = NULL) {"
"0","  output_text <- ""CHOICE ACCURACY BY SWITCH AND CONSENSUS ANALYSIS RESULTS\n\n"""
"0","  "
"0","  # Add timestamp"
"0","  output_text <- paste0(output_text, ""Analysis run on: "", format(Sys.time(), ""%Y-%m-%d %H:%M:%S""), ""\n\n"")"
"0","  "
"0","  # Main results section"
"0","  output_text <- paste0(output_text, ""PRIMARY ANALYSIS RESULTS:\n"","
"0","                       ""================================\n"")"
"0","  "
"0","  # Add main model results"
"0","  for(i in 1:nrow(model_results)) {"
"0","    output_text <- paste0(output_text,"
"0","                         ""\nQuestionnaire: "", model_results$questionnaire[i], ""\n"","
"0","                         ""Trial type: "", model_results$trial_type[i], ""\n"","
"0","                         ""p-value: "", format.pval(model_results$p_value[i], digits = 3), ""\n"","
"0","                         ""FDR-adjusted p-value: "", format.pval(model_results$p_adjusted[i], digits = 3), ""\n"","
"0","                         ""AIC: "", round(model_results$aic[i], 2), ""\n"","
"0","                         ""Residual normality (p): "", format.pval(model_results$resid_normality[i], digits = 3), ""\n"","
"0","                         ""Model converged: "", model_results$model_converged[i], ""\n"")"
"0","  }"
"0","  "
"0","  # Moderation results section (for significant results)"
"0","  if(!is.null(moderation_results)) {"
"0","    output_text <- paste0(output_text, ""\n\nMODERATION ANALYSIS RESULTS:\n"","
"0","                         ""================================\n"")"
"0","    "
"0","    for(i in seq_along(moderation_results)) {"
"0","      results <- moderation_results[[i]]"
"0","      scale_name <- results$main$scale"
"0","      "
"0","      output_text <- paste0(output_text, ""\nScale: "", scale_name, ""\n"")"
"0","      "
"0","      # Add model comparison results if they exist"
"0","      if(!is.null(results$main$model_comparison)) {"
"0","        comp_stats <- results$main$model_comparison"
"0","        if(""Chisq"" %in% names(comp_stats)) {"
"0","          chisq_val <- comp_stats$Chisq[length(comp_stats$Chisq)]  # Get last value"
"0","          p_val <- comp_stats$`Pr(>Chisq)`[length(comp_stats$`Pr(>Chisq)`)]  # Get last value"
"0","          output_text <- paste0(output_text,"
"0","                              ""Main effect chi-square: "", round(chisq_val, 3), ""\n"","
"0","                              ""Main effect p-value: "", format.pval(p_val, digits = 3), ""\n"")"
"0","        }"
"0","      }"
"0","      "
"0","      # Add effect size if it exists"
"0","      if(!is.null(results$main$effect_size)) {"
"0","        output_text <- paste0(output_text,"
"0","                            ""Effect size (R² marginal): "", "
"0","                            round(results$main$effect_size, 3), ""\n"")"
"0","      }"
"0","      "
"0","      output_text <- paste0(output_text, ""\n"")"
"0","      "
"0","      # Subscale results if they exist"
"0","      if(!is.null(results$subscales)) {"
"0","        output_text <- paste0(output_text, ""\nSubscale Results:\n"")"
"0","        "
"0","        for(sub_result in results$subscales) {"
"0","          output_text <- paste0(output_text,"
"0","                              ""\nSubscale: "", sub_result$scale, ""\n"")"
"0","          "
"0","          if(!is.null(sub_result$model_comparison)) {"
"0","            comp_stats <- sub_result$model_comparison"
"0","            if(""Chisq"" %in% names(comp_stats)) {"
"0","              chisq_val <- comp_stats$Chisq[length(comp_stats$Chisq)]"
"0","              p_val <- comp_stats$`Pr(>Chisq)`[length(comp_stats$`Pr(>Chisq)`)]"
"0","              output_text <- paste0(output_text,"
"0","                                  ""Chi-square: "", round(chisq_val, 3), ""\n"","
"0","                                  ""p-value: "", format.pval(p_val, digits = 3), ""\n"")"
"0","            }"
"0","          }"
"0","          "
"0","          if(!is.null(sub_result$effect_size)) {"
"0","            output_text <- paste0(output_text,"
"0","                                ""Effect size (R² marginal): "", "
"0","                                round(sub_result$effect_size, 3), ""\n"")"
"0","          }"
"0","          "
"0","          output_text <- paste0(output_text, ""\n"")"
"0","        }"
"0","      }"
"0","    }"
"0","  }"
"0","  "
"0","  return(output_text)"
"0","}"
"0",""
"0","# Create a function to run the complete analysis pipeline"
"0","run_behavioral_analysis <- function(outcome_var, is_percentage = FALSE, y_label, output_prefix) {"
"0","  "
"0","  # Read and process data"
"0","  merged_data <- read_csv(here(""data"", ""preprocessed"", ""merged_test_data.csv""), "
"0","                         show_col_types = FALSE)"
"0","  "
"0","  # Create separate datasets for switch and stay trials"
"0","  trial_datasets <- create_trial_datasets(merged_data)"
"0","  "
"0","  # Diagnostic checking function"
"0","  check_model_diagnostics <- function(model) {"
"0","    conv_check <- model@optinfo$conv$opt"
"0","    diagnostics <- list("
"0","      convergence = conv_check,"
"0","      resid_mean = mean(residuals(model)),"
"0","      resid_sd = sd(residuals(model)),"
"0","      resid_normality = shapiro.test(residuals(model))$p.value"
"0","    )"
"0","    return(diagnostics)"
"0","  }"
"0","  "
"0","  # Check model assumptions"
"0","  check_model_assumptions <- function(model) {"
"0","    resids <- residuals(model)"
"0","    fitted_vals <- fitted(model)"
"0","    "
"0","    homoscedasticity_test <- cor.test(abs(resids), fitted_vals)"
"0","    "
"0","    list("
"0","      normality = shapiro.test(resids),"
"0","      homoscedasticity = list("
"0","        correlation = homoscedasticity_test$estimate,"
"0","        p_value = homoscedasticity_test$p.value,"
"0","        interpretation = if(homoscedasticity_test$p.value < 0.05) "
"0","          ""Potential heteroscedasticity"" else ""No clear evidence of heteroscedasticity"""
"0","      ),"
"0","      vif = car::vif(model)"
"0","    )"
"0","  }"
"0","  "
"0","  # Custom theme"
"0","  theme_custom <- theme_minimal() +"
"0","    theme("
"0","      panel.grid.minor = element_blank(),"
"0","      legend.position = ""right"","
"0","      plot.title = element_text(size = 12, face = ""bold""),"
"0","      plot.subtitle = element_text(size = 10),"
"0","      axis.title = element_text(size = 10),"
"0","      legend.title = element_text(size = 10),"
"0","      legend.text = element_text(size = 9)"
"0","    )"
"0","  "
"0","  # Plot continuous relationship"
"0","  plot_continuous_relationship <- function(var, trial_datasets, model_results) {"
"0","    subject_averages <- bind_rows("
"0","      trial_datasets$switch_data %>% mutate(trial_type = ""Switch trials""),"
"0","      trial_datasets$stay_data %>% mutate(trial_type = ""Stay trials"")"
"0","    ) %>%"
"0","      group_by(participant.id_in_session, direction, consensus_numeric, trial_type, .data[[var]]) %>%"
"0","      summarise("
"0","        mean_outcome = mean(!!sym(outcome_var)),"
"0","        .groups = 'drop'"
"0","      ) %>%"
"0","      mutate("
"0","        consensus_level = case_when("
"0","          consensus_numeric == 2 ~ ""4:0"","
"0","          consensus_numeric == 1 ~ ""3:1"","
"0","          consensus_numeric == 0 ~ ""2:2"""
"0","        ),"
"0","        consensus_level = factor(consensus_level, levels = c(""2:2"", ""3:1"", ""4:0""))"
"0","      )"
"0","    "
"0","    if(is_percentage) {"
"0","      subject_averages$mean_outcome <- subject_averages$mean_outcome * 100"
"0","    }"
"0","    "
"0","    effects <- subject_averages %>%"
"0","      group_by(direction, consensus_level, trial_type) %>%"
"0","      summarise("
"0","        correlation = cor(.data[[var]], mean_outcome),"
"0","        .groups = 'drop'"
"0","      )"
"0","    "
"0","    p <- ggplot(subject_averages, "
"0","                aes(x = .data[[var]], "
"0","                    y = mean_outcome,"
"0","                    color = direction)) +"
"0","      geom_point(alpha = 0.5) +"
"0","      geom_smooth(method = ""lm"", formula = y ~ x) +"
"0","      facet_grid(trial_type ~ consensus_level) +"
"0","      labs(x = var,"
"0","           y = y_label,"
"0","           title = paste(""Relationship between"", var, ""and"", y_label),"
"0","           subtitle = paste(""p ="", format.pval(model_results$p_value["
"0","             model_results$questionnaire == var], digits = 3)),"
"0","           caption = paste(""Effect sizes (r) range:"", "
"0","                          round(min(effects$correlation), 3), ""to"","
"0","                          round(max(effects$correlation), 3))) +"
"0","      scale_color_manual(values = c(""Against group"" = ""red"", ""With group"" = ""blue"")) +"
"0","      theme_custom"
"0","    "
"0","    print(p)"
"0","  }"
"0","  "
"0","  # Analyze simple slopes"
"0","  analyze_simple_slopes <- function(model, questionnaire_var, trial_type, trial_datasets) {"
"0","    data <- if(trial_type == ""switch"") trial_datasets$switch_data else trial_datasets$stay_data"
"0","    "
"0","    probe_points <- data %>%"
"0","      summarise("
"0","        low = mean(!!sym(questionnaire_var)) - sd(!!sym(questionnaire_var)),"
"0","        mean = mean(!!sym(questionnaire_var)),"
"0","        high = mean(!!sym(questionnaire_var)) + sd(!!sym(questionnaire_var))"
"0","      )"
"0","    "
"0","    pred_data <- expand.grid("
"0","      direction = unique(data$direction),"
"0","      consensus_numeric = unique(data$consensus_numeric),"
"0","      quest_score = c(probe_points$low, probe_points$mean, probe_points$high)"
"0","    ) %>%"
"0","      mutate("
"0","        quest_level = rep(c(""-1 SD"", ""Mean"", ""+1 SD""), "
"0","                         each = length(unique(data$direction)) * length(unique(data$consensus_numeric))),"
"0","        direction = factor(direction)"
"0","      )"
"0","    "
"0","    pred_data$age <- 0"
"0","    pred_data[[questionnaire_var]] <- pred_data$quest_score"
"0","    "
"0","    pred_data$predicted <- predict(model, newdata = pred_data, re.form = NA)"
"0","    if(is_percentage) pred_data$predicted <- pred_data$predicted * 100"
"0","    "
"0","    pred_data <- pred_data %>%"
"0","      mutate("
"0","        consensus_level = case_when("
"0","          consensus_numeric == 2 ~ ""4:0"","
"0","          consensus_numeric == 1 ~ ""3:1"","
"0","          consensus_numeric == 0 ~ ""2:2"""
"0","        ),"
"0","        consensus_level = factor(consensus_level, levels = c(""2:2"", ""3:1"", ""4:0""))"
"0","      )"
"0","    "
"0","    p <- ggplot(pred_data, "
"0","                aes(x = consensus_level, "
"0","                    y = predicted,"
"0","                    color = direction,"
"0","                    linetype = quest_level,"
"0","                    group = interaction(direction, quest_level))) +"
"0","      geom_line() +"
"0","      geom_point(size = 3) +"
"0","      labs(title = paste(""Simple slopes analysis for"", questionnaire_var, ""in"", trial_type, ""trials""),"
"0","           x = ""Consensus Level"","
"0","           y = y_label,"
"0","           color = ""Direction"","
"0","           linetype = paste(questionnaire_var, ""Level"")) +"
"0","      scale_color_manual(values = c(""Against group"" = ""red"", ""With group"" = ""blue"")) +"
"0","      theme_custom"
"0","    "
"0","    list("
"0","      predictions = pred_data,"
"0","      plot = p,"
"0","      model_summary = summary(model)"
"0","    )"
"0","  }"
"0","  "
"0","  # Run questionnaire models"
"0","  run_questionnaire_models <- function(quest_var, data_type) {"
"0","    data <- if(data_type == ""switch"") trial_datasets$switch_data else trial_datasets$stay_data"
"0","    "
"0","    data <- data %>%"
"0","      mutate("
"0","        across(c(ssms, dass, lsas, srp_sf, ami, aq_10, age), scale),"
"0","        gender = factor(gender),"
"0","        direction = factor(direction)"
"0","      )"
"0","    "
"0","    formula1 <- as.formula(paste(outcome_var, ""~ direction * consensus_numeric *"", "
"0","                               quest_var, ""+ age + (1|participant.id_in_session)""))"
"0","    "
"0","    formula2 <- as.formula(paste(outcome_var, ""~ direction * consensus_numeric *"", "
"0","                               quest_var, ""+ age + (1|participant.id_in_session) + (1|gender)""))"
"0","    "
"0","    model1 <- lmer(formula1, data = data, control = lmerControl(optimizer = ""bobyqa""))"
"0","    model2 <- lmer(formula2, data = data, control = lmerControl(optimizer = ""bobyqa""))"
"0","    "
"0","    models_list <- list(model1, model2)"
"0","    aic_values <- sapply(models_list, AIC)"
"0","    winning_model <- models_list[[which.min(aic_values)]]"
"0","    "
"0","    model_anova <- car::Anova(winning_model, type = 2)"
"0","    interaction_p <- model_anova[paste0(""direction:consensus_numeric:"", quest_var), ""Pr(>Chisq)""]"
"0","    "
"0","    list("
"0","      questionnaire = quest_var,"
"0","      trial_type = data_type,"
"0","      winning_model = winning_model,"
"0","      p_value = interaction_p,"
"0","      aic = min(aic_values),"
"0","      diagnostics = check_model_diagnostics(winning_model)"
"0","    )"
"0","  }"
"0","  "
"0","  # Define subscale mapping"
"0","  subscale_mapping <- list("
"0","    lsas = c(""lsas_p"", ""lsas_s""),"
"0","    dass = c(""dass_a"", ""dass_d"", ""dass_s""),"
"0","    ssms = c(""ssms_cd"", ""ssms_ia""),"
"0","    srp_sf = c(""srp_sf_ipm"", ""srp_sf_ca"", ""srp_sf_els"", ""srp_sf_ct""),"
"0","    ami = c(""ami_es"", ""ami_sm"", ""ami_ba""),"
"0","    aq_10 = NULL"
"0","  )"
"0","  "
"0","  # Run moderation analysis"
"0","  run_moderation_analysis <- function(data, scale_name, subscales = NULL, trial_type) {"
"0","    "
"0","    # Run base model without any scale moderation for comparison"
"0","    base_model <- lmer(as.formula(paste(outcome_var, ""~ direction * consensus_numeric + "
"0","                                      age + (1|participant.id_in_session)"")),"
"0","                      data = data,"
"0","                      control = lmerControl(optimizer = ""bobyqa""))"
"0","    "
"0","    # Run moderation for main scale"
"0","    main_model <- lmer(as.formula(paste(outcome_var, ""~ direction * consensus_numeric * scale_name + "
"0","                                      age + (1|participant.id_in_session)"")),"
"0","                      data = data,"
"0","                      control = lmerControl(optimizer = ""bobyqa""))"
"0","    "
"0","    # Compare models"
"0","    main_comparison <- anova(base_model, main_model)"
"0","    "
"0","    # Calculate effect size"
"0","    vc <- VarCorr(main_model)"
"0","    var_random <- sum(sapply(vc, function(x) x[1]))"
"0","    var_residual <- attr(vc, ""sc"")^2"
"0","    var_fixed <- var(fitted(main_model))"
"0","    effect_size <- var_fixed / (var_fixed + var_random + var_residual)"
"0","    "
"0","    results <- list("
"0","      main = list("
"0","        scale = scale_name,"
"0","        base_model = base_model,"
"0","        model = main_model,"
"0","        model_comparison = main_comparison,"
"0","        effect_size = effect_size,"
"0","        summary = summary(main_model)"
"0","      )"
"0","    )"
"0","    "
"0","    # Run for subscales if they exist"
"0","    if (!is.null(subscales)) {"
"0","      subscale_results <- map(subscales, function(subscale) {"
"0","        if(subscale %in% names(data)) {"
"0","          # Use the main scale model as the base for subscale comparison"
"0","          base_sub_model <- main_model"
"0","          "
"0","          # Create formula for subscale model"
"0","          sub_formula <- paste0(outcome_var, "" ~ direction * consensus_numeric * scale_name + "","
"0","                             ""direction * consensus_numeric * `"", subscale, ""` + "","
"0","                             ""scale_name * `"", subscale, ""` + "","
"0","                             ""age + (1|participant.id_in_session)"")"
"0","          "
"0","          # Run subscale model"
"0","          sub_model <- lmer(as.formula(sub_formula),"
"0","                           data = data,"
"0","                           control = lmerControl(optimizer = ""bobyqa""))"
"0","          "
"0","          # Compare models"
"0","          sub_comparison <- anova(base_sub_model, sub_model)"
"0","          "
"0","          # Calculate effect size"
"0","          vc <- VarCorr(sub_model)"
"0","          var_random <- sum(sapply(vc, function(x) x[1]))"
"0","          var_residual <- attr(vc, ""sc"")^2"
"0","          var_fixed <- var(fitted(sub_model))"
"0","          sub_effect_size <- var_fixed / (var_fixed + var_random + var_residual)"
"0","          "
"0","          list("
"0","            scale = subscale,"
"0","            base_model = base_sub_model,"
"0","            model = sub_model,"
"0","            model_comparison = sub_comparison,"
"0","            effect_size = sub_effect_size,"
"0","            summary = summary(sub_model)"
"0","          )"
"0","        } else {"
"0","          NULL"
"0","        }"
"0","      })"
"0","      results$subscales <- compact(subscale_results)"
"0","    }"
"0","    "
"0","    return(results)"
"0","  }"
"0","  "
"0","  create_moderation_plot <- function(model, scale_name, trial_type) {"
"0","    # Get the model frame to ensure we have all required variables"
"0","    model_frame <- model@frame"
"0","    "
"0","    # Check if this is a subscale analysis"
"0","    is_subscale <- grepl(""_"", scale_name)  # e.g., ""dass_a"" contains underscore"
"0","    "
"0","    # Create data frame for predictions"
"0","    new_data <- expand.grid("
"0","        direction = levels(model_frame$direction),"
"0","        consensus_numeric = sort(unique(model_frame$consensus_numeric)),"
"0","        scale_name = c(-1, 0, 1),"
"0","        age = 0"
"0","    )"
"0","    "
"0","    # If this is a subscale analysis, add the subscale variable"
"0","    if(is_subscale) {"
"0","        new_data[[scale_name]] <- 0  # Add with mean value"
"0","    }"
"0","    "
"0","    # Get predictions"
"0","    new_data$predicted <- predict(model, newdata = new_data, re.form = NA)"
"0","    if(is_percentage) new_data$predicted <- new_data$predicted * 100"
"0","    "
"0","    # Convert consensus numeric to factor for plotting"
"0","    new_data <- new_data %>%"
"0","      mutate("
"0","        consensus_level = case_when("
"0","          consensus_numeric == 2 ~ ""4:0"","
"0","          consensus_numeric == 1 ~ ""3:1"","
"0","          consensus_numeric == 0 ~ ""2:2"""
"0","        ),"
"0","        consensus_level = factor(consensus_level, levels = c(""2:2"", ""3:1"", ""4:0""))"
"0","      )"
"0","    "
"0","    # Create plot"
"0","    p <- ggplot(new_data, "
"0","                aes(x = consensus_level, "
"0","                    y = predicted, "
"0","                    color = direction,"
"0","                    linetype = as.factor(scale_name),"
"0","                    group = interaction(direction, scale_name))) +"
"0","      geom_line() +"
"0","      geom_point() +"
"0","      scale_color_manual(values = c(""Against group"" = ""red"", ""With group"" = ""blue"")) +"
"0","      scale_linetype_discrete(name = ""Scale Score"","
"0","                            labels = c(""-1 SD"", ""Mean"", ""+1 SD"")) +"
"0","      theme_custom +"
"0","      labs(title = paste(""Moderation Effect of"", scale_name, ""in"", trial_type),"
"0","           x = ""Consensus Level"","
"0","           y = y_label)"
"0","    "
"0","    print(p)"
"0","  }"
"0","  "
"0","  create_moderation_slopes_plot <- function(model, scale_name, trial_type) {"
"0","    # Get the model frame to ensure we have all required variables"
"0","    model_frame <- model@frame"
"0","    "
"0","    # Check if this is a subscale analysis"
"0","    is_subscale <- grepl(""_"", scale_name)  # e.g., ""dass_a"" contains underscore"
"0","    "
"0","    # Create prediction grid"
"0","    new_data <- expand.grid("
"0","        direction = levels(model_frame$direction),"
"0","        consensus_numeric = seq(min(model_frame$consensus_numeric), "
"0","                            max(model_frame$consensus_numeric), "
"0","                            length.out = 100),"
"0","        scale_name = c(-1, 0, 1),"
"0","        age = 0"
"0","    )"
"0","    "
"0","    # If this is a subscale analysis, add the subscale variable"
"0","    if(is_subscale) {"
"0","        new_data[[scale_name]] <- 0  # Add with mean value"
"0","    }"
"0","    "
"0","    # Get predictions"
"0","    new_data$predicted <- predict(model, newdata = new_data, re.form = NA)"
"0","    if(is_percentage) new_data$predicted <- new_data$predicted * 100"
"0","    "
"0","    # Create plot"
"0","    p <- ggplot(new_data, "
"0","                aes(x = consensus_numeric,"
"0","                    y = predicted,"
"0","                    color = direction)) +"
"0","      geom_line(aes(linetype = factor(scale_name,"
"0","                                    levels = c(-1, 0, 1),"
"0","                                    labels = c(""-1 SD"", ""Mean"", ""+1 SD"")))) +"
"0","      scale_color_manual(values = c(""Against group"" = ""red"", ""With group"" = ""blue"")) +"
"0","      theme_custom +"
"0","      labs(title = paste(""Simple Slopes Analysis for"", scale_name, ""in"", trial_type),"
"0","           subtitle = ""Moderation Effect"","
"0","           x = ""Consensus Level"","
"0","           y = y_label,"
"0","           color = ""Direction"","
"0","           linetype = ""Scale Level"")"
"0","    "
"0","    print(p)"
"0","  }"
"0","  "
"0","  # Run analyses"
"0","  questionnaire_vars <- c(""ssms"", ""dass"", ""lsas"", ""srp_sf"", ""ami"", ""aq_10"")"
"0","  trial_types <- c(""switch"", ""stay"")"
"0","  "
"0","  all_results <- list()"
"0","  "
"0","  for(var in questionnaire_vars) {"
"0","    for(trial in trial_types) {"
"0","      result <- run_questionnaire_models(var, trial)"
"0","      all_results[[paste(var, trial, sep=""_"")]] <- tibble("
"0","        questionnaire = result$questionnaire,"
"0","        trial_type = result$trial_type,"
"0","        p_value = result$p_value,"
"0","        p_adjusted = p.adjust(result$p_value, method = ""fdr""),"
"0","        aic = result$aic,"
"0","        resid_normality = result$diagnostics$resid_normality,"
"0","        model_converged = !is.null(result$diagnostics$convergence)"
"0","      )"
"0","    }"
"0","  }"
"0","  "
"0","  model_results <- bind_rows(all_results)"
"0","  "
"0","  # Process significant results (CHANGE P-VALUE HERE)"
"0","  significant_results <- model_results %>%"
"0","    filter(p_adjusted < 0.1)"
"0","  "
"0","  # Store moderation results in a list"
"0","  moderation_results_list <- list()"
"0","  "
"0","  if(nrow(significant_results) > 0) {"
"0","    for(i in 1:nrow(significant_results)) {"
"0","      var <- significant_results$questionnaire[i]"
"0","      trial_type <- significant_results$trial_type[i]"
"0","      "
"0","      # Continuous relationship plot"
"0","      plot_continuous_relationship(var, trial_datasets, model_results)"
"0","      "
"0","      # Median-split plot"
"0","      summary_data <- bind_rows("
"0","        trial_datasets$switch_data %>% mutate(trial_type = ""Switch trials""),"
"0","        trial_datasets$stay_data %>% mutate(trial_type = ""Stay trials"")"
"0","      ) %>%"
"0","        mutate("
"0","          consensus_level = case_when("
"0","            consensus_numeric == 2 ~ ""4:0"","
"0","            consensus_numeric == 1 ~ ""3:1"","
"0","            consensus_numeric == 0 ~ ""2:2"""
"0","          ),"
"0","          consensus_level = factor(consensus_level, levels = c(""2:2"", ""3:1"", ""4:0"")),"
"0","          quest_group = ifelse(.data[[var]] > median(.data[[var]]), ""High"", ""Low"")"
"0","        ) %>%"
"0","        group_by(consensus_level, direction, quest_group, trial_type) %>%"
"0","        summarise("
"0","          mean_outcome = mean(!!sym(outcome_var)),"
"0","          se = sd(!!sym(outcome_var)) / sqrt(n()),"
"0","          .groups = 'drop'"
"0","        )"
"0","      "
"0","      if(is_percentage) {"
"0","        summary_data$mean_outcome <- summary_data$mean_outcome * 100"
"0","        summary_data$se <- summary_data$se * 100"
"0","      }"
"0","      "
"0","      p_median <- ggplot(summary_data, "
"0","                        aes(x = consensus_level, "
"0","                            y = mean_outcome, "
"0","                            color = direction,"
"0","                            linetype = quest_group,"
"0","                            group = interaction(direction, quest_group))) +"
"0","        geom_line() +"
"0","        geom_point() +"
"0","        geom_errorbar(aes(ymin = mean_outcome - se, "
"0","                          ymax = mean_outcome + se), "
"0","                      width = 0.2) +"
"0","        facet_grid(trial_type ~ .) +"
"0","        scale_color_manual(values = c(""Against group"" = ""red"", ""With group"" = ""blue"")) +"
"0","        labs(x = ""Group consensus"","
"0","             y = y_label,"
"0","             title = paste(""Effect of"", var, ""(Median-split)""),"
"0","             subtitle = paste(""p ="", format.pval(significant_results$p_value[i], digits = 3))) +"
"0","        theme_custom"
"0","      "
"0","      print(p_median)"
"0","      "
"0","      # Run moderation analysis for significant results"
"0","      if(var %in% names(subscale_mapping)) {"
"0","        subscales <- subscale_mapping[[var]]"
"0","        "
"0","        data <- if(trial_type == ""switch"") {"
"0","          trial_datasets$switch_data"
"0","        } else {"
"0","          trial_datasets$stay_data"
"0","        }"
"0","        "
"0","        mod_data <- data %>%"
"0","          rename(scale_name = !!var)"
"0","        "
"0","        # Store moderation results in the list"
"0","        current_moderation <- run_moderation_analysis(mod_data, var, subscales, trial_type)"
"0","        moderation_results_list[[paste(var, trial_type, sep=""_"")]] <- current_moderation"
"0","        "
"0","        # Print moderation results"
"0","        cat(""\nModeration Analysis Results for"", var, ""in"", trial_type, ""trials\n"")"
"0","        print(car::Anova(current_moderation$main$model, type = 2))"
"0","        "
"0","        # Create and print moderation plot for main scale"
"0","        create_moderation_plot(current_moderation$main$model, var, trial_type)"
"0","        create_moderation_slopes_plot(current_moderation$main$model, var, trial_type)"
"0","        "
"0","        if(!is.null(current_moderation$subscales)) {"
"0","          cat(""\nSubscale Results:\n"")"
"0","          for(sub_result in current_moderation$subscales) {"
"0","            cat(""\nSubscale:"", sub_result$scale, ""\n"")"
"0","            print(car::Anova(sub_result$model, type = 2))"
"0","            "
"0","            # Create and print moderation plots for subscales"
"0","            create_moderation_plot(sub_result$model, sub_result$scale, trial_type)"
"0","            create_moderation_slopes_plot(sub_result$model, sub_result$scale, trial_type)"
"0","          }"
"0","        }"
"0","      }"
"0","    }"
"0","  } else {"
"0","    print(""No significant relationships found after multiple comparison correction"")"
"0","  }"
"0","  "
"0","  # Format and save results"
"0","  results_text <- format_switch_consensus_results(model_results, "
"0","                                                if(length(moderation_results_list) > 0) moderation_results_list else NULL)"
"0","  "
"0","  # Create output directory if it doesn't exist"
"0","  dir.create(here(""output"", ""behav""), showWarnings = FALSE, recursive = TRUE)"
"0","  "
"0","  # Save results"
"0","  writeLines(results_text, here(""output"", ""behav"", paste0(output_prefix, "".txt"")))"
"0","}"
"0",""
"0","# Run analyses for both outcomes"
"0","run_behavioral_analysis("
"0","  outcome_var = ""player.choice1_accuracy"","
"0","  is_percentage = TRUE,"
"0","  y_label = ""Choice 1 accuracy on t + 1 (%)"","
"0","  output_prefix = ""choice_accuracy_by_switch_and_consensus"""
"0",")"
"2","boundary (singular) fit: see help('isSingular')
"
"2","boundary (singular) fit: see help('isSingular')
"
"2","boundary (singular) fit: see help('isSingular')
"
"2","boundary (singular) fit: see help('isSingular')
"
"2","boundary (singular) fit: see help('isSingular')
"
"2","boundary (singular) fit: see help('isSingular')
"
"2","boundary (singular) fit: see help('isSingular')
"
"2","boundary (singular) fit: see help('isSingular')
"
"2","boundary (singular) fit: see help('isSingular')
"
"2","boundary (singular) fit: see help('isSingular')
"
"2","boundary (singular) fit: see help('isSingular')
"
"2","boundary (singular) fit: see help('isSingular')
"
"2","boundary (singular) fit: see help('isSingular')
"
"2","boundary (singular) fit: see help('isSingular')
"
"2","boundary (singular) fit: see help('isSingular')
"
"2","boundary (singular) fit: see help('isSingular')
"
"2","boundary (singular) fit: see help('isSingular')
"
"2","boundary (singular) fit: see help('isSingular')
"
"2","boundary (singular) fit: see help('isSingular')
"
"2","boundary (singular) fit: see help('isSingular')
"
"2","boundary (singular) fit: see help('isSingular')
"
"2","boundary (singular) fit: see help('isSingular')
"
"2","boundary (singular) fit: see help('isSingular')
"
"2","boundary (singular) fit: see help('isSingular')
"
"1","
Moderation Analysis Results for"
"1"," "
"1","dass"
"1"," "
"1","in"
"1"," "
"1","switch"
"1"," "
"1","trials
"
"1","Analysis of Deviance Table (Type II Wald chisquare tests)
"
"1","
"
"1","Response: player.choice1_accuracy"
"1","
"
"1","                                      "
"1","   Chisq"
"1"," Df"
"1"," Pr(>Chisq)"
"1","    "
"1","
direction                             "
"1"," 32.7587"
"1","  1"
"1","  1.043e-08"
"1"," ***"
"1","
consensus_numeric                     "
"1"," 18.6759"
"1","  1"
"1","  1.549e-05"
"1"," ***"
"1","
scale_name                            "
"1","  0.0048"
"1","  1"
"1","    0.94503"
"1","    "
"1","
age                                   "
"1","  0.1109"
"1","  1"
"1","    0.73916"
"1","    "
"1","
direction:consensus_numeric           "
"1","  0.1109"
"1","  1"
"1","    0.73907"
"1","    "
"1","
direction:scale_name                  "
"1"," 16.7772"
"1","  1"
"1","  4.204e-05"
"1"," ***"
"1","
consensus_numeric:scale_name          "
"1","  1.6126"
"1","  1"
"1","    0.20413"
"1","    "
"1","
direction:consensus_numeric:scale_name"
"1","  4.7746"
"1","  1"
"1","    0.02888"
"1"," *  "
"1","
"
"1","---
Signif. codes:  "
"1",""
"1","0 ‘***’ 0.001 ‘**’ 0.01 ‘*’ 0.05 ‘.’ 0.1 ‘ ’ 1"
"1","
"
"1","
Subscale Results:
"
"1","
Subscale:"
"1"," "
"1","dass_a"
"1"," "
"1","
"
"1","Analysis of Deviance Table (Type II Wald chisquare tests)
"
"1","
"
"1","Response: player.choice1_accuracy"
"1","
"
"1","                                      "
"1","   Chisq"
"1"," Df"
"1"," Pr(>Chisq)"
"1","    "
"1","
direction                             "
"1"," 32.3469"
"1","  1"
"1","  1.290e-08"
"1"," ***"
"1","
consensus_numeric                     "
"1"," 17.2737"
"1","  1"
"1","  3.236e-05"
"1"," ***"
"1","
scale_name                            "
"1","  0.1486"
"1","  1"
"1","  0.6998642"
"1","    "
"1","
dass_a                                "
"1","  7.2629"
"1","  1"
"1","  0.0070395"
"1"," ** "
"1","
age                                   "
"1","  0.6202"
"1","  1"
"1","  0.4309776"
"1","    "
"1","
direction:consensus_numeric           "
"1","  0.0235"
"1","  1"
"1","  0.8780801"
"1","    "
"1","
direction:scale_name                  "
"1"," 21.4947"
"1","  1"
"1","  3.548e-06"
"1"," ***"
"1","
consensus_numeric:scale_name          "
"1","  1.6080"
"1","  1"
"1","  0.2047767"
"1","    "
"1","
direction:dass_a                      "
"1"," 12.1927"
"1","  1"
"1","  0.0004798"
"1"," ***"
"1","
consensus_numeric:dass_a              "
"1","  0.3125"
"1","  1"
"1","  0.5761244"
"1","    "
"1","
scale_name:dass_a                     "
"1"," 12.9211"
"1","  1"
"1","  0.0003249"
"1"," ***"
"1","
direction:consensus_numeric:scale_name"
"1","  8.2739"
"1","  1"
"1","  0.0040220"
"1"," ** "
"1","
direction:consensus_numeric:dass_a    "
"1","  2.1823"
"1","  1"
"1","  0.1396038"
"1","    "
"1","
"
"1","---
Signif. codes:  "
"1",""
"1","0 ‘***’ 0.001 ‘**’ 0.01 ‘*’ 0.05 ‘.’ 0.1 ‘ ’ 1"
"1","
"
"1","
Subscale:"
"1"," "
"1","dass_d"
"1"," "
"1","
"
"1","Analysis of Deviance Table (Type II Wald chisquare tests)
"
"1","
"
"1","Response: player.choice1_accuracy"
"1","
"
"1","                                      "
"1","   Chisq"
"1"," Df"
"1"," Pr(>Chisq)"
"1","    "
"1","
direction                             "
"1"," 33.9076"
"1","  1"
"1","  5.779e-09"
"1"," ***"
"1","
consensus_numeric                     "
"1"," 15.0147"
"1","  1"
"1","  0.0001067"
"1"," ***"
"1","
scale_name                            "
"1","  0.0112"
"1","  1"
"1","  0.9155972"
"1","    "
"1","
dass_d                                "
"1","  1.6172"
"1","  1"
"1","  0.2034888"
"1","    "
"1","
age                                   "
"1","  0.1072"
"1","  1"
"1","  0.7433224"
"1","    "
"1","
direction:consensus_numeric           "
"1","  0.1612"
"1","  1"
"1","  0.6880728"
"1","    "
"1","
direction:scale_name                  "
"1"," 17.0196"
"1","  1"
"1","  3.700e-05"
"1"," ***"
"1","
consensus_numeric:scale_name          "
"1","  2.9519"
"1","  1"
"1","  0.0857789"
"1"," .  "
"1","
direction:dass_d                      "
"1","  0.5215"
"1","  1"
"1","  0.4701935"
"1","    "
"1","
consensus_numeric:dass_d              "
"1","  0.2601"
"1","  1"
"1","  0.6100590"
"1","    "
"1","
scale_name:dass_d                     "
"1"," 18.0072"
"1","  1"
"1","  2.201e-05"
"1"," ***"
"1","
direction:consensus_numeric:scale_name"
"1","  3.2404"
"1","  1"
"1","  0.0718434"
"1"," .  "
"1","
direction:consensus_numeric:dass_d    "
"1"," 52.0764"
"1","  1"
"1","  5.338e-13"
"1"," ***"
"1","
"
"1","---
Signif. codes:  "
"1",""
"1","0 ‘***’ 0.001 ‘**’ 0.01 ‘*’ 0.05 ‘.’ 0.1 ‘ ’ 1"
"1","
"
"1","
Subscale:"
"1"," "
"1","dass_s"
"1"," "
"1","
"
"1","Analysis of Deviance Table (Type II Wald chisquare tests)
"
"1","
"
"1","Response: player.choice1_accuracy"
"1","
"
"1","                                      "
"1","   Chisq"
"1"," Df"
"1"," Pr(>Chisq)"
"1","    "
"1","
direction                             "
"1"," 31.7183"
"1","  1"
"1","  1.782e-08"
"1"," ***"
"1","
consensus_numeric                     "
"1"," 16.7266"
"1","  1"
"1","  4.317e-05"
"1"," ***"
"1","
scale_name                            "
"1","  0.6590"
"1","  1"
"1","  0.4168959"
"1","    "
"1","
dass_s                                "
"1","  6.2173"
"1","  1"
"1","  0.0126507"
"1"," *  "
"1","
age                                   "
"1","  0.8719"
"1","  1"
"1","  0.3504196"
"1","    "
"1","
direction:consensus_numeric           "
"1","  0.1819"
"1","  1"
"1","  0.6697696"
"1","    "
"1","
direction:scale_name                  "
"1","  2.5664"
"1","  1"
"1","  0.1091532"
"1","    "
"1","
consensus_numeric:scale_name          "
"1","  0.0988"
"1","  1"
"1","  0.7533053"
"1","    "
"1","
direction:dass_s                      "
"1"," 13.2502"
"1","  1"
"1","  0.0002726"
"1"," ***"
"1","
consensus_numeric:dass_s              "
"1","  3.1567"
"1","  1"
"1","  0.0756159"
"1"," .  "
"1","
scale_name:dass_s                     "
"1","  4.4498"
"1","  1"
"1","  0.0349058"
"1"," *  "
"1","
direction:consensus_numeric:scale_name"
"1","  0.0809"
"1","  1"
"1","  0.7760160"
"1","    "
"1","
direction:consensus_numeric:dass_s    "
"1","  7.5941"
"1","  1"
"1","  0.0058558"
"1"," ** "
"1","
"
"1","---
Signif. codes:  "
"1",""
"1","0 ‘***’ 0.001 ‘**’ 0.01 ‘*’ 0.05 ‘.’ 0.1 ‘ ’ 1"
"1","
"
"1","
Moderation Analysis Results for"
"1"," "
"1","dass"
"1"," "
"1","in"
"1"," "
"1","stay"
"1"," "
"1","trials
"
"1","Analysis of Deviance Table (Type II Wald chisquare tests)
"
"1","
"
"1","Response: player.choice1_accuracy"
"1","
"
"1","                                      "
"1","   Chisq"
"1"," Df"
"1"," Pr(>Chisq)"
"1","    "
"1","
direction                             "
"1","  9.1369"
"1","  1"
"1","   0.002505"
"1"," ** "
"1","
consensus_numeric                     "
"1","  0.0121"
"1","  1"
"1","   0.912314"
"1","    "
"1","
scale_name                            "
"1","  0.1622"
"1","  1"
"1","   0.687153"
"1","    "
"1","
age                                   "
"1"," 33.4675"
"1","  1"
"1","  7.246e-09"
"1"," ***"
"1","
direction:consensus_numeric           "
"1","  1.6613"
"1","  1"
"1","   0.197433"
"1","    "
"1","
direction:scale_name                  "
"1","  1.9042"
"1","  1"
"1","   0.167612"
"1","    "
"1","
consensus_numeric:scale_name          "
"1","  0.5844"
"1","  1"
"1","   0.444603"
"1","    "
"1","
direction:consensus_numeric:scale_name"
"1"," 29.5311"
"1","  1"
"1","  5.503e-08"
"1"," ***"
"1","
"
"1","---
Signif. codes:  "
"1",""
"1","0 ‘***’ 0.001 ‘**’ 0.01 ‘*’ 0.05 ‘.’ 0.1 ‘ ’ 1"
"1","
"
"1","
Subscale Results:
"
"1","
Subscale:"
"1"," "
"1","dass_a"
"1"," "
"1","
"
"1","Analysis of Deviance Table (Type II Wald chisquare tests)
"
"1","
"
"1","Response: player.choice1_accuracy"
"1","
"
"1","                                      "
"1","   Chisq"
"1"," Df"
"1"," Pr(>Chisq)"
"1","    "
"1","
direction                             "
"1","  8.8385"
"1","  1"
"1","   0.002949"
"1"," ** "
"1","
consensus_numeric                     "
"1","  0.9603"
"1","  1"
"1","   0.327106"
"1","    "
"1","
scale_name                            "
"1","  0.5801"
"1","  1"
"1","   0.446258"
"1","    "
"1","
dass_a                                "
"1","  0.0342"
"1","  1"
"1","   0.853364"
"1","    "
"1","
age                                   "
"1"," 31.5965"
"1","  1"
"1","  1.898e-08"
"1"," ***"
"1","
direction:consensus_numeric           "
"1","  3.8180"
"1","  1"
"1","   0.050705"
"1"," .  "
"1","
direction:scale_name                  "
"1","  7.6666"
"1","  1"
"1","   0.005625"
"1"," ** "
"1","
consensus_numeric:scale_name          "
"1","  0.4724"
"1","  1"
"1","   0.491882"
"1","    "
"1","
direction:dass_a                      "
"1"," 19.8524"
"1","  1"
"1","  8.366e-06"
"1"," ***"
"1","
consensus_numeric:dass_a              "
"1","  1.3716"
"1","  1"
"1","   0.241539"
"1","    "
"1","
scale_name:dass_a                     "
"1","  5.5763"
"1","  1"
"1","   0.018206"
"1"," *  "
"1","
direction:consensus_numeric:scale_name"
"1"," 18.9822"
"1","  1"
"1","  1.319e-05"
"1"," ***"
"1","
direction:consensus_numeric:dass_a    "
"1","  3.4452"
"1","  1"
"1","   0.063437"
"1"," .  "
"1","
"
"1","---
Signif. codes:  "
"1",""
"1","0 ‘***’ 0.001 ‘**’ 0.01 ‘*’ 0.05 ‘.’ 0.1 ‘ ’ 1"
"1","
"
"1","
Subscale:"
"1"," "
"1","dass_d"
"1"," "
"1","
"
"1","Analysis of Deviance Table (Type II Wald chisquare tests)
"
"1","
"
"1","Response: player.choice1_accuracy"
"1","
"
"1","                                      "
"1","   Chisq"
"1"," Df"
"1"," Pr(>Chisq)"
"1","    "
"1","
direction                             "
"1"," 12.2805"
"1","  1"
"1","  0.0004577"
"1"," ***"
"1","
consensus_numeric                     "
"1","  0.0005"
"1","  1"
"1","  0.9816809"
"1","    "
"1","
scale_name                            "
"1","  0.4836"
"1","  1"
"1","  0.4867809"
"1","    "
"1","
dass_d                                "
"1","  0.0268"
"1","  1"
"1","  0.8698769"
"1","    "
"1","
age                                   "
"1"," 32.0570"
"1","  1"
"1","  1.497e-08"
"1"," ***"
"1","
direction:consensus_numeric           "
"1","  1.4516"
"1","  1"
"1","  0.2282678"
"1","    "
"1","
direction:scale_name                  "
"1","  1.9976"
"1","  1"
"1","  0.1575434"
"1","    "
"1","
consensus_numeric:scale_name          "
"1","  0.0042"
"1","  1"
"1","  0.9486057"
"1","    "
"1","
direction:dass_d                      "
"1"," 17.0547"
"1","  1"
"1","  3.632e-05"
"1"," ***"
"1","
consensus_numeric:dass_d              "
"1","  1.7196"
"1","  1"
"1","  0.1897491"
"1","    "
"1","
scale_name:dass_d                     "
"1","  2.1158"
"1","  1"
"1","  0.1457897"
"1","    "
"1","
direction:consensus_numeric:scale_name"
"1"," 22.1527"
"1","  1"
"1","  2.518e-06"
"1"," ***"
"1","
direction:consensus_numeric:dass_d    "
"1","  9.7746"
"1","  1"
"1","  0.0017694"
"1"," ** "
"1","
"
"1","---
Signif. codes:  "
"1",""
"1","0 ‘***’ 0.001 ‘**’ 0.01 ‘*’ 0.05 ‘.’ 0.1 ‘ ’ 1"
"1","
"
"1","
Subscale:"
"1"," "
"1","dass_s"
"1"," "
"1","
"
"1","Analysis of Deviance Table (Type II Wald chisquare tests)
"
"1","
"
"1","Response: player.choice1_accuracy"
"1","
"
"1","                                      "
"1","   Chisq"
"1"," Df"
"1"," Pr(>Chisq)"
"1","    "
"1","
direction                             "
"1"," 10.5807"
"1","  1"
"1","  0.0011427"
"1"," ** "
"1","
consensus_numeric                     "
"1","  0.0374"
"1","  1"
"1","  0.8466793"
"1","    "
"1","
scale_name                            "
"1","  1.9014"
"1","  1"
"1","  0.1679171"
"1","    "
"1","
dass_s                                "
"1","  5.7450"
"1","  1"
"1","  0.0165361"
"1"," *  "
"1","
age                                   "
"1"," 37.6631"
"1","  1"
"1","  8.408e-10"
"1"," ***"
"1","
direction:consensus_numeric           "
"1","  2.9896"
"1","  1"
"1","  0.0838019"
"1"," .  "
"1","
direction:scale_name                  "
"1","  0.9098"
"1","  1"
"1","  0.3401721"
"1","    "
"1","
consensus_numeric:scale_name          "
"1","  6.0840"
"1","  1"
"1","  0.0136415"
"1"," *  "
"1","
direction:dass_s                      "
"1","  0.2103"
"1","  1"
"1","  0.6465373"
"1","    "
"1","
consensus_numeric:dass_s              "
"1"," 18.1974"
"1","  1"
"1","  1.992e-05"
"1"," ***"
"1","
scale_name:dass_s                     "
"1","  0.3806"
"1","  1"
"1","  0.5372937"
"1","    "
"1","
direction:consensus_numeric:scale_name"
"1"," 43.8530"
"1","  1"
"1","  3.540e-11"
"1"," ***"
"1","
direction:consensus_numeric:dass_s    "
"1"," 14.3616"
"1","  1"
"1","  0.0001508"
"1"," ***"
"1","
"
"1","---
Signif. codes:  "
"1",""
"1","0 ‘***’ 0.001 ‘**’ 0.01 ‘*’ 0.05 ‘.’ 0.1 ‘ ’ 1"
"1","
"
"1","
Moderation Analysis Results for"
"1"," "
"1","lsas"
"1"," "
"1","in"
"1"," "
"1","switch"
"1"," "
"1","trials
"
"1","Analysis of Deviance Table (Type II Wald chisquare tests)
"
"1","
"
"1","Response: player.choice1_accuracy"
"1","
"
"1","                                      "
"1","   Chisq"
"1"," Df"
"1"," Pr(>Chisq)"
"1","    "
"1","
direction                             "
"1"," 32.7176"
"1","  1"
"1","  1.066e-08"
"1"," ***"
"1","
consensus_numeric                     "
"1"," 19.5768"
"1","  1"
"1","  9.663e-06"
"1"," ***"
"1","
scale_name                            "
"1","  0.2966"
"1","  1"
"1","   0.586019"
"1","    "
"1","
age                                   "
"1","  0.0000"
"1","  1"
"1","   0.997736"
"1","    "
"1","
direction:consensus_numeric           "
"1","  0.0278"
"1","  1"
"1","   0.867680"
"1","    "
"1","
direction:scale_name                  "
"1","  0.1610"
"1","  1"
"1","   0.688197"
"1","    "
"1","
consensus_numeric:scale_name          "
"1","  7.1874"
"1","  1"
"1","   0.007342"
"1"," ** "
"1","
direction:consensus_numeric:scale_name"
"1","  3.3899"
"1","  1"
"1","   0.065596"
"1"," .  "
"1","
"
"1","---
Signif. codes:  "
"1",""
"1","0 ‘***’ 0.001 ‘**’ 0.01 ‘*’ 0.05 ‘.’ 0.1 ‘ ’ 1"
"1","
"
"1","
Subscale Results:
"
"1","
Subscale:"
"1"," "
"1","lsas_p"
"1"," "
"1","
"
"1","Analysis of Deviance Table (Type II Wald chisquare tests)
"
"1","
"
"1","Response: player.choice1_accuracy"
"1","
"
"1","                                      "
"1","   Chisq"
"1"," Df"
"1"," Pr(>Chisq)"
"1","    "
"1","
direction                             "
"1"," 33.0653"
"1","  1"
"1","  8.912e-09"
"1"," ***"
"1","
consensus_numeric                     "
"1"," 15.3221"
"1","  1"
"1","  9.065e-05"
"1"," ***"
"1","
scale_name                            "
"1","  0.8166"
"1","  1"
"1","    0.36619"
"1","    "
"1","
lsas_p                                "
"1","  5.8517"
"1","  1"
"1","    0.01556"
"1"," *  "
"1","
age                                   "
"1","  0.0299"
"1","  1"
"1","    0.86278"
"1","    "
"1","
direction:consensus_numeric           "
"1","  0.0009"
"1","  1"
"1","    0.97543"
"1","    "
"1","
direction:scale_name                  "
"1","  0.2932"
"1","  1"
"1","    0.58816"
"1","    "
"1","
consensus_numeric:scale_name          "
"1","  5.5166"
"1","  1"
"1","    0.01884"
"1"," *  "
"1","
direction:lsas_p                      "
"1","  0.4575"
"1","  1"
"1","    0.49877"
"1","    "
"1","
consensus_numeric:lsas_p              "
"1","  1.3697"
"1","  1"
"1","    0.24186"
"1","    "
"1","
scale_name:lsas_p                     "
"1","  2.1412"
"1","  1"
"1","    0.14339"
"1","    "
"1","
direction:consensus_numeric:scale_name"
"1"," 29.3467"
"1","  1"
"1","  6.052e-08"
"1"," ***"
"1","
direction:consensus_numeric:lsas_p    "
"1"," 37.6605"
"1","  1"
"1","  8.419e-10"
"1"," ***"
"1","
"
"1","---
Signif. codes:  "
"1",""
"1","0 ‘***’ 0.001 ‘**’ 0.01 ‘*’ 0.05 ‘.’ 0.1 ‘ ’ 1"
"1","
"
"1","
Subscale:"
"1"," "
"1","lsas_s"
"1"," "
"1","
"
"1","Analysis of Deviance Table (Type II Wald chisquare tests)
"
"1","
"
"1","Response: player.choice1_accuracy"
"1","
"
"1","                                      "
"1","   Chisq"
"1"," Df"
"1"," Pr(>Chisq)"
"1","    "
"1","
direction                             "
"1"," 32.0135"
"1","  1"
"1","  1.531e-08"
"1"," ***"
"1","
consensus_numeric                     "
"1"," 18.7974"
"1","  1"
"1","  1.454e-05"
"1"," ***"
"1","
scale_name                            "
"1","  1.0633"
"1","  1"
"1","  0.3024589"
"1","    "
"1","
lsas_s                                "
"1","  0.7444"
"1","  1"
"1","  0.3882549"
"1","    "
"1","
age                                   "
"1","  0.2453"
"1","  1"
"1","  0.6204071"
"1","    "
"1","
direction:consensus_numeric           "
"1","  0.0216"
"1","  1"
"1","  0.8830482"
"1","    "
"1","
direction:scale_name                  "
"1","  1.2734"
"1","  1"
"1","  0.2591311"
"1","    "
"1","
consensus_numeric:scale_name          "
"1","  5.6820"
"1","  1"
"1","  0.0171395"
"1"," *  "
"1","
direction:lsas_s                      "
"1","  0.0730"
"1","  1"
"1","  0.7869570"
"1","    "
"1","
consensus_numeric:lsas_s              "
"1","  0.0719"
"1","  1"
"1","  0.7886183"
"1","    "
"1","
scale_name:lsas_s                     "
"1"," 14.3876"
"1","  1"
"1","  0.0001488"
"1"," ***"
"1","
direction:consensus_numeric:scale_name"
"1","  0.0937"
"1","  1"
"1","  0.7594926"
"1","    "
"1","
direction:consensus_numeric:lsas_s    "
"1","  7.7691"
"1","  1"
"1","  0.0053148"
"1"," ** "
"1","
"
"1","---
Signif. codes:  "
"1",""
"1","0 ‘***’ 0.001 ‘**’ 0.01 ‘*’ 0.05 ‘.’ 0.1 ‘ ’ 1"
"1","
"
"1","
Moderation Analysis Results for"
"1"," "
"1","srp_sf"
"1"," "
"1","in"
"1"," "
"1","switch"
"1"," "
"1","trials
"
"1","Analysis of Deviance Table (Type II Wald chisquare tests)
"
"1","
"
"1","Response: player.choice1_accuracy"
"1","
"
"1","                                      "
"1","   Chisq"
"1"," Df"
"1"," Pr(>Chisq)"
"1","    "
"1","
direction                             "
"1"," 33.0930"
"1","  1"
"1","  8.785e-09"
"1"," ***"
"1","
consensus_numeric                     "
"1"," 16.9011"
"1","  1"
"1","  3.938e-05"
"1"," ***"
"1","
scale_name                            "
"1","  0.0180"
"1","  1"
"1","    0.89322"
"1","    "
"1","
age                                   "
"1","  0.0423"
"1","  1"
"1","    0.83703"
"1","    "
"1","
direction:consensus_numeric           "
"1","  0.2545"
"1","  1"
"1","    0.61395"
"1","    "
"1","
direction:scale_name                  "
"1"," 36.1110"
"1","  1"
"1","  1.864e-09"
"1"," ***"
"1","
consensus_numeric:scale_name          "
"1","  1.1928"
"1","  1"
"1","    0.27478"
"1","    "
"1","
direction:consensus_numeric:scale_name"
"1","  4.5732"
"1","  1"
"1","    0.03247"
"1"," *  "
"1","
"
"1","---
Signif. codes:  "
"1",""
"1","0 ‘***’ 0.001 ‘**’ 0.01 ‘*’ 0.05 ‘.’ 0.1 ‘ ’ 1"
"1","
"
"1","
Subscale Results:
"
"1","
Subscale:"
"1"," "
"1","srp_sf_ipm"
"1"," "
"1","
"
"1","Analysis of Deviance Table (Type II Wald chisquare tests)
"
"1","
"
"1","Response: player.choice1_accuracy"
"1","
"
"1","                                      "
"1","   Chisq"
"1"," Df"
"1"," Pr(>Chisq)"
"1","    "
"1","
direction                             "
"1"," 30.7858"
"1","  1"
"1","  2.881e-08"
"1"," ***"
"1","
consensus_numeric                     "
"1"," 14.8817"
"1","  1"
"1","  0.0001145"
"1"," ***"
"1","
scale_name                            "
"1","  1.4105"
"1","  1"
"1","  0.2349815"
"1","    "
"1","
srp_sf_ipm                            "
"1","  9.1816"
"1","  1"
"1","  0.0024447"
"1"," ** "
"1","
age                                   "
"1","  0.5904"
"1","  1"
"1","  0.4422603"
"1","    "
"1","
direction:consensus_numeric           "
"1","  0.1253"
"1","  1"
"1","  0.7233440"
"1","    "
"1","
direction:scale_name                  "
"1"," 30.7153"
"1","  1"
"1","  2.988e-08"
"1"," ***"
"1","
consensus_numeric:scale_name          "
"1","  1.7410"
"1","  1"
"1","  0.1870121"
"1","    "
"1","
direction:srp_sf_ipm                  "
"1","  1.8023"
"1","  1"
"1","  0.1794361"
"1","    "
"1","
consensus_numeric:srp_sf_ipm          "
"1"," 13.7249"
"1","  1"
"1","  0.0002116"
"1"," ***"
"1","
scale_name:srp_sf_ipm                 "
"1","  6.2529"
"1","  1"
"1","  0.0123987"
"1"," *  "
"1","
direction:consensus_numeric:scale_name"
"1"," 37.1258"
"1","  1"
"1","  1.107e-09"
"1"," ***"
"1","
direction:consensus_numeric:srp_sf_ipm"
"1"," 60.7058"
"1","  1"
"1","  6.627e-15"
"1"," ***"
"1","
"
"1","---
Signif. codes:  "
"1",""
"1","0 ‘***’ 0.001 ‘**’ 0.01 ‘*’ 0.05 ‘.’ 0.1 ‘ ’ 1"
"1","
"
"1","
Subscale:"
"1"," "
"1","srp_sf_ca"
"1"," "
"1","
"
"1","Analysis of Deviance Table (Type II Wald chisquare tests)
"
"1","
"
"1","Response: player.choice1_accuracy"
"1","
"
"1","                                      "
"1","   Chisq"
"1"," Df"
"1"," Pr(>Chisq)"
"1","    "
"1","
direction                             "
"1"," 32.1712"
"1","  1"
"1","  1.412e-08"
"1"," ***"
"1","
consensus_numeric                     "
"1"," 14.7337"
"1","  1"
"1","  0.0001238"
"1"," ***"
"1","
scale_name                            "
"1","  0.4271"
"1","  1"
"1","  0.5134245"
"1","    "
"1","
srp_sf_ca                             "
"1","  3.4997"
"1","  1"
"1","  0.0613802"
"1"," .  "
"1","
age                                   "
"1","  2.2091"
"1","  1"
"1","  0.1371943"
"1","    "
"1","
direction:consensus_numeric           "
"1","  0.0647"
"1","  1"
"1","  0.7992823"
"1","    "
"1","
direction:scale_name                  "
"1"," 40.3270"
"1","  1"
"1","  2.148e-10"
"1"," ***"
"1","
consensus_numeric:scale_name          "
"1","  1.3474"
"1","  1"
"1","  0.2457295"
"1","    "
"1","
direction:srp_sf_ca                   "
"1","  0.9364"
"1","  1"
"1","  0.3332127"
"1","    "
"1","
consensus_numeric:srp_sf_ca           "
"1","  1.5249"
"1","  1"
"1","  0.2168775"
"1","    "
"1","
scale_name:srp_sf_ca                  "
"1"," 12.0692"
"1","  1"
"1","  0.0005126"
"1"," ***"
"1","
direction:consensus_numeric:scale_name"
"1","  5.5029"
"1","  1"
"1","  0.0189849"
"1"," *  "
"1","
direction:consensus_numeric:srp_sf_ca "
"1","  6.7427"
"1","  1"
"1","  0.0094129"
"1"," ** "
"1","
"
"1","---
Signif. codes:  "
"1",""
"1","0 ‘***’ 0.001 ‘**’ 0.01 ‘*’ 0.05 ‘.’ 0.1 ‘ ’ 1"
"1","
"
"1","
Subscale:"
"1"," "
"1","srp_sf_els"
"1"," "
"1","
"
"1","Analysis of Deviance Table (Type II Wald chisquare tests)
"
"1","
"
"1","Response: player.choice1_accuracy"
"1","
"
"1","                                      "
"1","   Chisq"
"1"," Df"
"1"," Pr(>Chisq)"
"1","    "
"1","
direction                             "
"1"," 32.1142"
"1","  1"
"1","  1.454e-08"
"1"," ***"
"1","
consensus_numeric                     "
"1"," 18.5329"
"1","  1"
"1","  1.670e-05"
"1"," ***"
"1","
scale_name                            "
"1","  0.0060"
"1","  1"
"1","  0.9383090"
"1","    "
"1","
srp_sf_els                            "
"1","  0.0052"
"1","  1"
"1","  0.9424634"
"1","    "
"1","
age                                   "
"1","  0.0317"
"1","  1"
"1","  0.8587929"
"1","    "
"1","
direction:consensus_numeric           "
"1","  0.4445"
"1","  1"
"1","  0.5049550"
"1","    "
"1","
direction:scale_name                  "
"1"," 31.8525"
"1","  1"
"1","  1.663e-08"
"1"," ***"
"1","
consensus_numeric:scale_name          "
"1","  1.0349"
"1","  1"
"1","  0.3090097"
"1","    "
"1","
direction:srp_sf_els                  "
"1","  1.5279"
"1","  1"
"1","  0.2164349"
"1","    "
"1","
consensus_numeric:srp_sf_els          "
"1","  0.2017"
"1","  1"
"1","  0.6533698"
"1","    "
"1","
scale_name:srp_sf_els                 "
"1","  2.0136"
"1","  1"
"1","  0.1558944"
"1","    "
"1","
direction:consensus_numeric:scale_name"
"1"," 13.8489"
"1","  1"
"1","  0.0001981"
"1"," ***"
"1","
direction:consensus_numeric:srp_sf_els"
"1"," 50.1691"
"1","  1"
"1","  1.411e-12"
"1"," ***"
"1","
"
"1","---
Signif. codes:  "
"1",""
"1","0 ‘***’ 0.001 ‘**’ 0.01 ‘*’ 0.05 ‘.’ 0.1 ‘ ’ 1"
"1","
"
"1","
Subscale:"
"1"," "
"1","srp_sf_ct"
"1"," "
"1","
"
"1","Analysis of Deviance Table (Type II Wald chisquare tests)
"
"1","
"
"1","Response: player.choice1_accuracy"
"1","
"
"1","                                      "
"1","   Chisq"
"1"," Df"
"1"," Pr(>Chisq)"
"1","    "
"1","
direction                             "
"1"," 33.3819"
"1","  1"
"1","  7.573e-09"
"1"," ***"
"1","
consensus_numeric                     "
"1"," 18.5949"
"1","  1"
"1","  1.617e-05"
"1"," ***"
"1","
scale_name                            "
"1","  1.0225"
"1","  1"
"1","    0.31192"
"1","    "
"1","
srp_sf_ct                             "
"1","  0.7777"
"1","  1"
"1","    0.37783"
"1","    "
"1","
age                                   "
"1","  0.3414"
"1","  1"
"1","    0.55900"
"1","    "
"1","
direction:consensus_numeric           "
"1","  0.3791"
"1","  1"
"1","    0.53810"
"1","    "
"1","
direction:scale_name                  "
"1"," 21.7681"
"1","  1"
"1","  3.077e-06"
"1"," ***"
"1","
consensus_numeric:scale_name          "
"1","  0.0000"
"1","  1"
"1","    0.99883"
"1","    "
"1","
direction:srp_sf_ct                   "
"1","  6.4700"
"1","  1"
"1","    0.01097"
"1"," *  "
"1","
consensus_numeric:srp_sf_ct           "
"1","  5.5971"
"1","  1"
"1","    0.01799"
"1"," *  "
"1","
scale_name:srp_sf_ct                  "
"1","  4.3475"
"1","  1"
"1","    0.03706"
"1"," *  "
"1","
direction:consensus_numeric:scale_name"
"1","  0.8865"
"1","  1"
"1","    0.34642"
"1","    "
"1","
direction:consensus_numeric:srp_sf_ct "
"1"," 35.7135"
"1","  1"
"1","  2.286e-09"
"1"," ***"
"1","
"
"1","---
Signif. codes:  "
"1",""
"1","0 ‘***’ 0.001 ‘**’ 0.01 ‘*’ 0.05 ‘.’ 0.1 ‘ ’ 1"
"1","
"
"1","
Moderation Analysis Results for"
"1"," "
"1","ami"
"1"," "
"1","in"
"1"," "
"1","switch"
"1"," "
"1","trials
"
"1","Analysis of Deviance Table (Type II Wald chisquare tests)
"
"1","
"
"1","Response: player.choice1_accuracy"
"1","
"
"1","                                      "
"1","   Chisq"
"1"," Df"
"1"," Pr(>Chisq)"
"1","    "
"1","
direction                             "
"1"," 29.7379"
"1","  1"
"1","  4.946e-08"
"1"," ***"
"1","
consensus_numeric                     "
"1"," 15.9331"
"1","  1"
"1","  6.562e-05"
"1"," ***"
"1","
scale_name                            "
"1","  9.6044"
"1","  1"
"1","   0.001941"
"1"," ** "
"1","
age                                   "
"1","  2.6571"
"1","  1"
"1","   0.103089"
"1","    "
"1","
direction:consensus_numeric           "
"1","  0.0549"
"1","  1"
"1","   0.814738"
"1","    "
"1","
direction:scale_name                  "
"1","  0.3362"
"1","  1"
"1","   0.562042"
"1","    "
"1","
consensus_numeric:scale_name          "
"1","  1.9803"
"1","  1"
"1","   0.159361"
"1","    "
"1","
direction:consensus_numeric:scale_name"
"1","  3.0902"
"1","  1"
"1","   0.078766"
"1"," .  "
"1","
"
"1","---
Signif. codes:  "
"1",""
"1","0 ‘***’ 0.001 ‘**’ 0.01 ‘*’ 0.05 ‘.’ 0.1 ‘ ’ 1"
"1","
"
"1","
Subscale Results:
"
"1","
Subscale:"
"1"," "
"1","ami_es"
"1"," "
"1","
"
"1","Analysis of Deviance Table (Type II Wald chisquare tests)
"
"1","
"
"1","Response: player.choice1_accuracy"
"1","
"
"1","                                      "
"1","   Chisq"
"1"," Df"
"1"," Pr(>Chisq)"
"1","    "
"1","
direction                             "
"1"," 30.0253"
"1","  1"
"1","  4.265e-08"
"1"," ***"
"1","
consensus_numeric                     "
"1"," 15.5423"
"1","  1"
"1","  8.068e-05"
"1"," ***"
"1","
scale_name                            "
"1"," 10.6666"
"1","  1"
"1","   0.001091"
"1"," ** "
"1","
ami_es                                "
"1","  0.0332"
"1","  1"
"1","   0.855516"
"1","    "
"1","
age                                   "
"1","  2.7473"
"1","  1"
"1","   0.097417"
"1"," .  "
"1","
direction:consensus_numeric           "
"1","  0.0423"
"1","  1"
"1","   0.837043"
"1","    "
"1","
direction:scale_name                  "
"1","  0.7886"
"1","  1"
"1","   0.374524"
"1","    "
"1","
consensus_numeric:scale_name          "
"1","  0.1450"
"1","  1"
"1","   0.703329"
"1","    "
"1","
direction:ami_es                      "
"1"," 16.0390"
"1","  1"
"1","  6.205e-05"
"1"," ***"
"1","
consensus_numeric:ami_es              "
"1"," 21.1420"
"1","  1"
"1","  4.265e-06"
"1"," ***"
"1","
scale_name:ami_es                     "
"1","  0.3693"
"1","  1"
"1","   0.543377"
"1","    "
"1","
direction:consensus_numeric:scale_name"
"1","  0.0240"
"1","  1"
"1","   0.876947"
"1","    "
"1","
direction:consensus_numeric:ami_es    "
"1"," 78.1815"
"1","  1"
"1","  < 2.2e-16"
"1"," ***"
"1","
"
"1","---
Signif. codes:  "
"1",""
"1","0 ‘***’ 0.001 ‘**’ 0.01 ‘*’ 0.05 ‘.’ 0.1 ‘ ’ 1"
"1","
"
"1","
Subscale:"
"1"," "
"1","ami_sm"
"1"," "
"1","
"
"1","Analysis of Deviance Table (Type II Wald chisquare tests)
"
"1","
"
"1","Response: player.choice1_accuracy"
"1","
"
"1","                                      "
"1","   Chisq"
"1"," Df"
"1"," Pr(>Chisq)"
"1","    "
"1","
direction                             "
"1"," 32.8687"
"1","  1"
"1","  9.860e-09"
"1"," ***"
"1","
consensus_numeric                     "
"1"," 16.2786"
"1","  1"
"1","  5.468e-05"
"1"," ***"
"1","
scale_name                            "
"1"," 11.9712"
"1","  1"
"1","  0.0005403"
"1"," ***"
"1","
ami_sm                                "
"1","  0.5455"
"1","  1"
"1","  0.4601573"
"1","    "
"1","
age                                   "
"1","  0.5992"
"1","  1"
"1","  0.4388762"
"1","    "
"1","
direction:consensus_numeric           "
"1","  0.0058"
"1","  1"
"1","  0.9393232"
"1","    "
"1","
direction:scale_name                  "
"1","  0.1402"
"1","  1"
"1","  0.7080867"
"1","    "
"1","
consensus_numeric:scale_name          "
"1","  5.2002"
"1","  1"
"1","  0.0225849"
"1"," *  "
"1","
direction:ami_sm                      "
"1","  0.5658"
"1","  1"
"1","  0.4519285"
"1","    "
"1","
consensus_numeric:ami_sm              "
"1"," 10.4166"
"1","  1"
"1","  0.0012489"
"1"," ** "
"1","
scale_name:ami_sm                     "
"1","  0.5017"
"1","  1"
"1","  0.4787332"
"1","    "
"1","
direction:consensus_numeric:scale_name"
"1"," 27.8056"
"1","  1"
"1","  1.341e-07"
"1"," ***"
"1","
direction:consensus_numeric:ami_sm    "
"1"," 68.7883"
"1","  1"
"1","  < 2.2e-16"
"1"," ***"
"1","
"
"1","---
Signif. codes:  "
"1",""
"1","0 ‘***’ 0.001 ‘**’ 0.01 ‘*’ 0.05 ‘.’ 0.1 ‘ ’ 1"
"1","
"
"1","
Subscale:"
"1"," "
"1","ami_ba"
"1"," "
"1","
"
"1","Analysis of Deviance Table (Type II Wald chisquare tests)
"
"1","
"
"1","Response: player.choice1_accuracy"
"1","
"
"1","                                      "
"1","   Chisq"
"1"," Df"
"1"," Pr(>Chisq)"
"1","    "
"1","
direction                             "
"1"," 29.8352"
"1","  1"
"1","  4.704e-08"
"1"," ***"
"1","
consensus_numeric                     "
"1"," 16.2030"
"1","  1"
"1","  5.690e-05"
"1"," ***"
"1","
scale_name                            "
"1","  5.9436"
"1","  1"
"1","  0.0147711"
"1"," *  "
"1","
ami_ba                                "
"1","  1.9556"
"1","  1"
"1","  0.1619890"
"1","    "
"1","
age                                   "
"1","  2.3271"
"1","  1"
"1","  0.1271379"
"1","    "
"1","
direction:consensus_numeric           "
"1","  0.0002"
"1","  1"
"1","  0.9892853"
"1","    "
"1","
direction:scale_name                  "
"1","  0.1245"
"1","  1"
"1","  0.7242350"
"1","    "
"1","
consensus_numeric:scale_name          "
"1","  3.2141"
"1","  1"
"1","  0.0730080"
"1"," .  "
"1","
direction:ami_ba                      "
"1"," 11.6074"
"1","  1"
"1","  0.0006569"
"1"," ***"
"1","
consensus_numeric:ami_ba              "
"1","  8.6207"
"1","  1"
"1","  0.0033237"
"1"," ** "
"1","
scale_name:ami_ba                     "
"1","  5.5627"
"1","  1"
"1","  0.0183475"
"1"," *  "
"1","
direction:consensus_numeric:scale_name"
"1","  2.6573"
"1","  1"
"1","  0.1030770"
"1","    "
"1","
direction:consensus_numeric:ami_ba    "
"1","  0.2852"
"1","  1"
"1","  0.5933219"
"1","    "
"1","
"
"1","---
Signif. codes:  "
"1",""
"1","0 ‘***’ 0.001 ‘**’ 0.01 ‘*’ 0.05 ‘.’ 0.1 ‘ ’ 1"
"1","
"
"1","
Moderation Analysis Results for"
"1"," "
"1","ami"
"1"," "
"1","in"
"1"," "
"1","stay"
"1"," "
"1","trials
"
"1","Analysis of Deviance Table (Type II Wald chisquare tests)
"
"1","
"
"1","Response: player.choice1_accuracy"
"1","
"
"1","                                      "
"1","   Chisq"
"1"," Df"
"1"," Pr(>Chisq)"
"1","    "
"1","
direction                             "
"1","  9.5183"
"1","  1"
"1","  0.0020344"
"1"," ** "
"1","
consensus_numeric                     "
"1","  0.0117"
"1","  1"
"1","  0.9137383"
"1","    "
"1","
scale_name                            "
"1","  2.0415"
"1","  1"
"1","  0.1530591"
"1","    "
"1","
age                                   "
"1"," 22.2420"
"1","  1"
"1","  2.404e-06"
"1"," ***"
"1","
direction:consensus_numeric           "
"1","  2.4761"
"1","  1"
"1","  0.1155855"
"1","    "
"1","
direction:scale_name                  "
"1","  1.3402"
"1","  1"
"1","  0.2469991"
"1","    "
"1","
consensus_numeric:scale_name          "
"1"," 11.7967"
"1","  1"
"1","  0.0005934"
"1"," ***"
"1","
direction:consensus_numeric:scale_name"
"1"," 61.0665"
"1","  1"
"1","  5.518e-15"
"1"," ***"
"1","
"
"1","---
Signif. codes:  "
"1",""
"1","0 ‘***’ 0.001 ‘**’ 0.01 ‘*’ 0.05 ‘.’ 0.1 ‘ ’ 1"
"1","
"
"1","
Subscale Results:
"
"1","
Subscale:"
"1"," "
"1","ami_es"
"1"," "
"1","
"
"1","Analysis of Deviance Table (Type II Wald chisquare tests)
"
"1","
"
"1","Response: player.choice1_accuracy"
"1","
"
"1","                                      "
"1","   Chisq"
"1"," Df"
"1"," Pr(>Chisq)"
"1","    "
"1","
direction                             "
"1"," 10.0896"
"1","  1"
"1","   0.001491"
"1"," ** "
"1","
consensus_numeric                     "
"1","  0.0678"
"1","  1"
"1","   0.794628"
"1","    "
"1","
scale_name                            "
"1","  3.5959"
"1","  1"
"1","   0.057921"
"1"," .  "
"1","
ami_es                                "
"1","  1.9352"
"1","  1"
"1","   0.164187"
"1","    "
"1","
age                                   "
"1"," 23.4496"
"1","  1"
"1","  1.282e-06"
"1"," ***"
"1","
direction:consensus_numeric           "
"1","  2.5762"
"1","  1"
"1","   0.108480"
"1","    "
"1","
direction:scale_name                  "
"1","  0.0210"
"1","  1"
"1","   0.884893"
"1","    "
"1","
consensus_numeric:scale_name          "
"1","  4.4103"
"1","  1"
"1","   0.035722"
"1"," *  "
"1","
direction:ami_es                      "
"1","  5.4244"
"1","  1"
"1","   0.019857"
"1"," *  "
"1","
consensus_numeric:ami_es              "
"1","  0.6266"
"1","  1"
"1","   0.428589"
"1","    "
"1","
scale_name:ami_es                     "
"1","  0.0319"
"1","  1"
"1","   0.858317"
"1","    "
"1","
direction:consensus_numeric:scale_name"
"1"," 40.3119"
"1","  1"
"1","  2.165e-10"
"1"," ***"
"1","
direction:consensus_numeric:ami_es    "
"1","  4.9712"
"1","  1"
"1","   0.025772"
"1"," *  "
"1","
"
"1","---
Signif. codes:  "
"1",""
"1","0 ‘***’ 0.001 ‘**’ 0.01 ‘*’ 0.05 ‘.’ 0.1 ‘ ’ 1"
"1","
"
"1","
Subscale:"
"1"," "
"1","ami_sm"
"1"," "
"1","
"
"1","Analysis of Deviance Table (Type II Wald chisquare tests)
"
"1","
"
"1","Response: player.choice1_accuracy"
"1","
"
"1","                                      "
"1","   Chisq"
"1"," Df"
"1"," Pr(>Chisq)"
"1","    "
"1","
direction                             "
"1","  6.8193"
"1","  1"
"1","  0.0090176"
"1"," ** "
"1","
consensus_numeric                     "
"1","  0.0813"
"1","  1"
"1","  0.7754978"
"1","    "
"1","
scale_name                            "
"1","  1.8544"
"1","  1"
"1","  0.1732685"
"1","    "
"1","
ami_sm                                "
"1","  0.1537"
"1","  1"
"1","  0.6950509"
"1","    "
"1","
age                                   "
"1"," 12.4516"
"1","  1"
"1","  0.0004176"
"1"," ***"
"1","
direction:consensus_numeric           "
"1","  3.0898"
"1","  1"
"1","  0.0787833"
"1"," .  "
"1","
direction:scale_name                  "
"1","  4.0714"
"1","  1"
"1","  0.0436161"
"1"," *  "
"1","
consensus_numeric:scale_name          "
"1"," 13.5854"
"1","  1"
"1","  0.0002280"
"1"," ***"
"1","
direction:ami_sm                      "
"1","  1.1265"
"1","  1"
"1","  0.2885176"
"1","    "
"1","
consensus_numeric:ami_sm              "
"1","  0.0072"
"1","  1"
"1","  0.9325753"
"1","    "
"1","
scale_name:ami_sm                     "
"1","  8.0206"
"1","  1"
"1","  0.0046248"
"1"," ** "
"1","
direction:consensus_numeric:scale_name"
"1"," 63.0110"
"1","  1"
"1","  2.056e-15"
"1"," ***"
"1","
direction:consensus_numeric:ami_sm    "
"1"," 21.8829"
"1","  1"
"1","  2.898e-06"
"1"," ***"
"1","
"
"1","---
Signif. codes:  "
"1",""
"1","0 ‘***’ 0.001 ‘**’ 0.01 ‘*’ 0.05 ‘.’ 0.1 ‘ ’ 1"
"1","
"
"1","
Subscale:"
"1"," "
"1","ami_ba"
"1"," "
"1","
"
"1","Analysis of Deviance Table (Type II Wald chisquare tests)
"
"1","
"
"1","Response: player.choice1_accuracy"
"1","
"
"1","                                      "
"1","   Chisq"
"1"," Df"
"1"," Pr(>Chisq)"
"1","    "
"1","
direction                             "
"1"," 11.4851"
"1","  1"
"1","  0.0007016"
"1"," ***"
"1","
consensus_numeric                     "
"1","  0.0128"
"1","  1"
"1","  0.9098164"
"1","    "
"1","
scale_name                            "
"1","  1.1929"
"1","  1"
"1","  0.2747515"
"1","    "
"1","
ami_ba                                "
"1","  3.9858"
"1","  1"
"1","  0.0458859"
"1"," *  "
"1","
age                                   "
"1"," 11.3948"
"1","  1"
"1","  0.0007365"
"1"," ***"
"1","
direction:consensus_numeric           "
"1","  2.3043"
"1","  1"
"1","  0.1290191"
"1","    "
"1","
direction:scale_name                  "
"1","  0.1178"
"1","  1"
"1","  0.7314088"
"1","    "
"1","
consensus_numeric:scale_name          "
"1","  8.2692"
"1","  1"
"1","  0.0040323"
"1"," ** "
"1","
direction:ami_ba                      "
"1","  7.9331"
"1","  1"
"1","  0.0048538"
"1"," ** "
"1","
consensus_numeric:ami_ba              "
"1","  0.4270"
"1","  1"
"1","  0.5134540"
"1","    "
"1","
scale_name:ami_ba                     "
"1","  0.0091"
"1","  1"
"1","  0.9240975"
"1","    "
"1","
direction:consensus_numeric:scale_name"
"1"," 68.1316"
"1","  1"
"1","  < 2.2e-16"
"1"," ***"
"1","
direction:consensus_numeric:ami_ba    "
"1"," 10.9238"
"1","  1"
"1","  0.0009494"
"1"," ***"
"1","
"
"1","---
Signif. codes:  "
"1",""
"1","0 ‘***’ 0.001 ‘**’ 0.01 ‘*’ 0.05 ‘.’ 0.1 ‘ ’ 1"
"1","
"
"1","
Moderation Analysis Results for"
"1"," "
"1","aq_10"
"1"," "
"1","in"
"1"," "
"1","switch"
"1"," "
"1","trials
"
"1","Analysis of Deviance Table (Type II Wald chisquare tests)
"
"1","
"
"1","Response: player.choice1_accuracy"
"1","
"
"1","                                      "
"1","   Chisq"
"1"," Df"
"1"," Pr(>Chisq)"
"1","    "
"1","
direction                             "
"1"," 28.0999"
"1","  1"
"1","  1.152e-07"
"1"," ***"
"1","
consensus_numeric                     "
"1"," 18.7583"
"1","  1"
"1","  1.484e-05"
"1"," ***"
"1","
scale_name                            "
"1","  7.3769"
"1","  1"
"1","  0.0066068"
"1"," ** "
"1","
age                                   "
"1","  0.4615"
"1","  1"
"1","  0.4969246"
"1","    "
"1","
direction:consensus_numeric           "
"1","  0.2082"
"1","  1"
"1","  0.6481546"
"1","    "
"1","
direction:scale_name                  "
"1"," 14.0550"
"1","  1"
"1","  0.0001775"
"1"," ***"
"1","
consensus_numeric:scale_name          "
"1","  0.3098"
"1","  1"
"1","  0.5777879"
"1","    "
"1","
direction:consensus_numeric:scale_name"
"1"," 20.6108"
"1","  1"
"1","  5.628e-06"
"1"," ***"
"1","
"
"1","---
Signif. codes:  "
"1",""
"1","0 ‘***’ 0.001 ‘**’ 0.01 ‘*’ 0.05 ‘.’ 0.1 ‘ ’ 1"
"1","
"
"1","
Moderation Analysis Results for"
"1"," "
"1","aq_10"
"1"," "
"1","in"
"1"," "
"1","stay"
"1"," "
"1","trials
"
"1","Analysis of Deviance Table (Type II Wald chisquare tests)
"
"1","
"
"1","Response: player.choice1_accuracy"
"1","
"
"1","                                      "
"1","   Chisq"
"1"," Df"
"1"," Pr(>Chisq)"
"1","    "
"1","
direction                             "
"1","  9.1060"
"1","  1"
"1","   0.002548"
"1"," ** "
"1","
consensus_numeric                     "
"1","  0.2137"
"1","  1"
"1","   0.643911"
"1","    "
"1","
scale_name                            "
"1","  1.0969"
"1","  1"
"1","   0.294952"
"1","    "
"1","
age                                   "
"1"," 19.9765"
"1","  1"
"1","  7.840e-06"
"1"," ***"
"1","
direction:consensus_numeric           "
"1","  2.4775"
"1","  1"
"1","   0.115488"
"1","    "
"1","
direction:scale_name                  "
"1","  1.6437"
"1","  1"
"1","   0.199818"
"1","    "
"1","
consensus_numeric:scale_name          "
"1","  0.7235"
"1","  1"
"1","   0.394999"
"1","    "
"1","
direction:consensus_numeric:scale_name"
"1"," 19.7759"
"1","  1"
"1","  8.707e-06"
"1"," ***"
"1","
"
"1","---
Signif. codes:  "
"1",""
"1","0 ‘***’ 0.001 ‘**’ 0.01 ‘*’ 0.05 ‘.’ 0.1 ‘ ’ 1"
"1","
"
